,department1,workload_s1,workload_s2,workload_s3,workload_s4,workload_s5,overall_s1,overall_s2,overall_s3,overall_s4,overall_s5,workload_mean,workload_instdev,workload_outstdev,overall_mean,overall_instdev,overall_outstdev,year,term
0,AESTHINT,122,148,4,0,1,0,22,56,105,134,3.022909090909091,1.5837115977915792,0.6443761541981311,4.10378548895899,0.9084942369879726,0.23984391226378363,2017,spring
1,AFRAMER,174,280,30,0,1,7,36,75,187,268,3.4276288659793814,1.6145936268004633,0.8880765421593826,4.165619546247818,0.8262203936152058,0.4228068452365118,2017,spring
2,ANTHRO,51,180,47,3,12,1,11,37,120,158,5.087030716723549,1.8137096548914065,2.4882596113055477,4.303058103975534,0.7027866084412356,0.37724634792331857,2017,spring
3,APMTH,29,114,131,21,29,10,12,50,154,144,7.811419753086419,2.2927984901558527,2.9484290370925175,4.124594594594595,0.8255890137799506,0.42903470907655383,2017,spring
4,CHEM,14,136,140,29,27,6,31,99,136,91,7.836705202312139,2.6230099346420674,1.4114558588273396,3.7683195592286505,0.8951859286717665,0.3834944263178875,2017,spring
5,COMPSCI,7,193,351,127,414,40,128,285,401,323,12.843772893772895,2.749068626602837,4.63622537904194,3.7133389974511473,0.9908012625557256,0.4248849889261773,2017,spring
6,CULTBLF,298,367,22,2,0,2,21,106,245,391,3.01422351233672,1.6365906886923782,0.5311222742612108,4.291503267973857,0.8108541868404655,0.16126449366622814,2017,spring
7,ECON,205,1077,356,26,68,54,184,499,636,606,5.64636258660508,1.9894788560257046,2.4626689792429293,3.771096513390601,0.9043173326052338,0.5338310632834112,2017,spring
8,ENG-SCI,41,215,162,29,63,17,48,125,160,204,7.82921568627451,2.458836303518452,3.315298669381828,3.8812274368231043,0.935460949881361,0.5568165791220004,2017,spring
9,ENGLISH,59,435,160,13,21,5,7,64,174,499,5.752761627906977,1.8725513247283874,1.9113776357472008,4.54539385847797,0.644221143880597,0.3079208210862167,2017,spring
10,ETHRSON,67,162,18,0,0,0,8,37,109,111,3.691093117408907,1.6514766589356185,0.19837808806185037,4.212830188679246,0.7884807870648048,0.1299691887796484,2017,spring
11,EXPOS,67,560,154,7,8,18,42,139,291,351,5.084673366834171,1.8239278551701392,0.4274985895468474,4.063139120095125,0.934964663950972,0.22986661262398636,2017,spring
12,FRSEMR,168,133,7,0,0,3,8,40,82,202,2.6204545454545456,1.2488082745154772,0.9955112508310928,4.40955223880597,0.5872540513421655,0.5910007521671625,2017,spring
13,GOV,120,610,191,10,17,17,74,186,336,455,5.143987341772152,1.831937993499381,1.3816976226783033,4.0718164794007485,0.8375241499579756,0.5468000853706848,2017,spring
14,HIST,32,301,113,19,22,8,16,71,138,312,6.16652977412731,1.9987738614507753,2.056204331582899,4.338532110091743,0.6851632757843624,0.563493079641449,2017,spring
15,HISTSCI,38,145,23,7,14,0,5,35,81,131,5.327753303964758,1.8152189945455133,3.44038925301612,4.336507936507936,0.6798472762830231,0.3903810053039098,2017,spring
16,LIFESCI,6,187,146,14,33,21,59,139,120,62,7.549740932642487,2.381464215104318,2.0012981370606027,3.3655860349127185,0.990902218191718,0.39499703992639257,2017,spring
17,MATH,37,277,460,146,144,37,74,261,400,389,9.899298245614034,2.4423881352548467,7.2588675013584325,3.892937123169681,0.936658392518346,0.4254217995144888,2017,spring
18,MCB,59,181,74,13,47,8,21,56,133,198,6.878609625668449,2.0340141929971884,4.8437756732472215,4.188942307692308,0.805728069287797,0.5142889382985144,2017,spring
19,MUSIC,148,253,34,2,1,2,11,47,130,286,3.6636986301369863,1.6645519537399576,1.0074299416130124,4.435924369747899,0.7074883063835078,0.3136786789180866,2017,spring
20,PHYSCI,15,297,183,13,18,15,43,142,218,135,6.6452471482889734,2.2330409897960117,0.4375943523912521,3.7567811934900543,0.9773029772258218,0.17355484681872693,2017,spring
21,PHYSICS,18,98,170,32,48,16,44,61,122,144,8.953825136612023,2.234630795913125,3.9169833535992487,3.866925064599483,0.8886357844609646,0.7189150611760191,2017,spring
22,PSY,291,407,77,8,8,9,36,143,263,454,3.774462705436157,1.7596676380638632,1.5628607382919069,4.228508287292819,0.8178625239316607,0.38811698155038893,2017,spring
23,SCILIVSY,207,234,22,1,1,44,56,180,150,84,3.1769892473118277,1.771759946097444,0.4692794406670366,3.329961089494163,1.0798369150969176,0.35571651596616755,2017,spring
24,SCIPHUNV,85,89,12,0,0,13,22,62,67,40,3.125268817204301,1.6721280348762118,0.8283655255177771,3.4852941176470584,1.1094830676310887,0.16971548210861234,2017,spring
25,SOCIOL,96,349,69,8,9,15,25,104,205,223,4.664783427495291,1.7199083378507491,2.1107791914135072,4.0531468531468535,0.8300302146480132,0.5234773718640889,2017,spring
26,SOCWORLD,41,167,17,0,1,1,5,32,87,121,3.9831858407079648,1.5244411060000864,0.5581896551593805,4.326422764227642,0.798402390720875,0.16327755849413653,2017,spring
27,SPANSH,81,324,56,2,1,2,14,75,175,227,4.322413793103448,1.6591873331983886,0.6221606133268704,4.2383367139959445,0.7834330451759236,0.26979609198139143,2017,spring
28,STAT,37,444,354,69,48,29,96,249,359,299,7.268277310924369,2.176408397446611,2.1925777140941545,3.77296511627907,0.9381492053433411,0.4461894289817544,2017,spring
29,US-WORLD,71,220,21,2,0,1,8,49,110,163,3.848407643312102,1.5508339736776673,0.6445365782528645,4.2634441087613295,0.8156780095738209,0.125190775458319,2017,spring
0,AESTHINT,67,232,19,0,2,1,11,44,128,175,3.8646875,1.6099486348575123,0.346098652617646,4.2924791086350975,0.8078952873811703,0.17936512606787525,2016,fall
1,AFRAMER,57,109,21,3,2,5,9,30,58,119,4.259375,1.7000066997713479,1.766268319378929,4.253846153846154,0.7079730738462413,0.6319875663521147,2016,fall
2,ANTHRO,43,188,36,4,10,2,15,49,101,144,5.136298932384341,1.6532389105711285,2.2698940597111634,4.183922829581994,0.7737109462127916,0.49081471133356097,2016,fall
3,APMTH,6,90,146,35,38,10,26,95,126,95,8.93079365079365,2.621260996418143,1.8698538280765122,3.7718749999999996,0.9193133347049084,0.3984043546819557,2016,fall
4,CHEM,39,176,150,25,47,4,45,113,170,140,7.640732265446224,2.7053464575544846,2.382139379242894,3.8489406779661017,0.9431024093414578,0.27716585600526905,2016,fall
5,COMPSCI,21,260,501,169,426,52,165,365,508,417,11.2680464778504,2.9586539419493985,2.6776264493656226,3.695222295952223,0.975687607020972,0.4641676702429591,2016,fall
6,CULTBLF,206,363,37,1,1,9,26,111,263,266,3.4442434210526316,1.6225694194742226,0.769654583295842,4.117925925925926,0.8519519035150088,0.2994639563949196,2016,fall
7,ECON,337,1094,467,42,102,70,264,622,785,591,5.775171400587659,2.027410343283558,2.621088213532576,3.6790737564322464,0.9407790145261627,0.4819373777467594,2016,fall
8,ENG-SCI,30,198,169,31,68,7,38,103,200,197,8.094556451612902,2.2896256162028155,3.5144618566680315,3.9932110091743116,0.8341231137104786,0.503464840265321,2016,fall
9,ENGLISH,41,356,137,7,24,4,11,59,151,405,5.925663716814159,1.979261910474586,1.9568250771310245,4.491428571428571,0.6396759916051507,0.3928199116557069,2016,fall
10,ETHRSON,294,495,42,4,3,11,49,177,378,290,3.5538186157517897,1.7265339350694808,0.7365360942776261,4.018453038674033,0.9098538698469082,0.1394616098154377,2016,fall
11,EXPOS,70,505,157,18,12,6,36,138,307,317,5.4253280839895,2.0347695901075626,0.7136108028366726,4.11318407960199,0.8643054308427611,0.22801394507688771,2016,fall
12,FRSEMR,458,407,22,4,2,7,35,108,249,554,2.8134378499440085,1.314071589753316,1.2036519392325264,4.366736621196223,0.6900733173926843,0.4808347399116431,2016,fall
13,GOV,169,715,226,21,42,9,69,214,444,556,5.335890878090367,1.9172941385926348,2.062414635714624,4.129953560371517,0.8108865724454891,0.4251668741898602,2016,fall
14,HIST,67,402,134,15,23,11,35,99,250,350,5.629641185647426,1.7530646472641103,2.250829910203967,4.193959731543624,0.7927220954005549,0.4500004754538074,2016,fall
15,HISTSCI,61,214,55,7,6,3,21,57,130,180,4.84606413994169,1.6841216134174715,2.1305990798446235,4.173401534526855,0.851897889311136,0.3408406035537629,2016,fall
16,LIFESCI,6,210,210,28,34,7,42,160,184,119,7.858401639344262,2.390355242208368,1.8001283841275253,3.74609375,0.9193932406779908,0.2602289688158056,2016,fall
17,MATH,29,434,543,101,133,38,95,281,507,405,8.574193548387097,2.5022611130956047,2.495239692660676,3.8775263951734535,0.9519345608286823,0.35529849216407333,2016,fall
18,MCB,64,247,130,17,61,6,34,100,194,244,7.036030828516378,2.2593777191440307,3.7616706572910346,4.106055363321799,0.8293023590965225,0.4164207477413145,2016,fall
19,MUSIC,82,169,30,5,0,2,4,28,77,212,4.012587412587413,1.6794426537326115,1.2300643642757632,4.531578947368421,0.6042949028228749,0.4081138929878105,2016,fall
20,PHYSCI,1,98,101,6,8,4,28,45,100,48,7.0616822429906545,2.1053235027244446,0.6744530300063074,3.725777777777778,0.9928642258134714,0.06701538426656263,2016,fall
21,PHYSICS,6,126,201,55,86,6,34,85,187,184,9.680379746835444,2.4958465607326588,3.4558479549684833,4.029032258064516,0.9126656364892333,0.325470922725921,2016,fall
22,PSY,246,426,81,3,14,8,30,98,244,493,4.056233766233766,1.8928957685092904,1.6796625658041373,4.350973654066438,0.7269240038834687,0.4416745086433988,2016,fall
23,SCILIVSY,88,299,56,5,2,2,25,73,152,217,4.421777777777778,1.8563415935791783,0.5309249325004597,4.160341151385927,0.8749573125576283,0.24180533420470096,2016,fall
24,SCIPHUNV,36,165,20,2,0,7,19,64,89,54,4.333183856502242,1.5471927319415755,0.4824937066523443,3.730901287553648,0.9945896640592873,0.17453200119291098,2016,fall
25,SOCIOL,53,252,64,10,6,2,10,49,150,211,5.013766233766233,1.6668435544954932,1.977297801218622,4.319668246445498,0.7361763878011789,0.27779921128023444,2016,fall
26,SOCWORLD,33,109,30,2,0,1,8,18,66,97,4.622413793103448,1.7208069537313406,0.9656234547490414,4.31,0.7580816563464927,0.3227431763720759,2016,fall
27,SPANSH,72,370,59,4,4,5,11,58,176,304,4.6504911591355595,1.6672211231945457,0.8190180248144451,4.385740072202165,0.7574724354133745,0.2626487770597258,2016,fall
28,STAT,40,412,416,81,104,14,71,219,397,466,8.010256410256412,2.3539394936396976,2.5004404608701134,4.048586118251928,0.8771344986300463,0.40283397008051275,2016,fall
29,US-WORLD,64,249,53,1,0,4,7,42,133,198,4.4141689373297,1.5417811508116073,1.0559373091656399,4.339322916666666,0.8054004971164542,0.16658506303035214,2016,fall
0,AESTHINT,68,139,21,1,0,1,5,30,87,128,3.7820960698689956,1.62730474387571,0.9987690980875398,4.352988047808765,0.7783175620671762,0.1510291252371348,2016,spring
1,AFRAMER,91,222,39,2,1,3,16,55,141,201,3.9952112676056335,1.5876674844500953,1.2230208031523682,4.2504807692307685,0.6933514959055305,0.4544647735517114,2016,spring
2,ANTHRO,42,129,51,9,8,8,20,51,92,101,5.453556485355649,2.099684862668971,2.362675666566787,3.9393382352941178,0.8837280900003135,0.5935594303535171,2016,spring
3,APMTH,9,128,164,23,46,28,42,109,147,85,8.633243243243243,2.5604698066115397,2.63418334855524,3.534549878345498,0.9267177638134128,0.6353905474237556,2016,spring
4,CHEM,28,126,147,26,53,16,56,113,125,93,8.42421052631579,2.857545076019077,2.128996095987802,3.5751861042183624,1.0001635516795646,0.4589119212544366,2016,spring
5,COMPSCI,22,232,324,89,351,21,72,190,431,393,12.151866404715127,2.720813678352057,5.149351100118327,3.996476964769648,0.8805467740557856,0.4056915094866526,2016,spring
6,CULTBLF,170,202,11,4,0,4,19,96,177,148,3.1173126614987083,1.6495884365143036,0.7423581484627486,4.018468468468469,0.8101497546833974,0.35687759578759193,2016,spring
7,ECON,222,1159,401,46,70,69,185,531,734,631,5.672708113804004,2.1691072770976056,1.9759734739635846,3.766,0.8847406446925349,0.5530232342989023,2016,spring
8,ENG-SCI,23,202,161,27,85,23,31,130,160,188,8.620883534136546,2.625972514284948,3.3281574708980246,3.8567669172932324,0.9055056935288038,0.5796771837857474,2016,spring
9,ENGLISH,39,402,111,11,17,7,22,61,173,364,5.598965517241379,1.8431481749659402,1.5807458842379056,4.370175438596491,0.7353369778316733,0.39970539530146587,2016,spring
10,ETHRSON,55,187,39,1,3,10,20,45,130,113,4.502456140350877,1.8331568371328597,1.0295771244029632,4.008176100628931,0.93594470385425,0.3859919107340083,2016,spring
11,EXPOS,69,507,154,13,21,12,59,140,276,311,5.513612565445026,2.2175536957727315,0.34945437897309406,4.05187969924812,0.9618968820813601,0.2097623086477475,2016,spring
12,FRSEMR,183,118,9,1,0,3,9,39,102,190,2.570418006430868,1.1974161351124357,1.1624453735520173,4.3618075801749265,0.6136251915901016,0.5475353718096888,2016,spring
13,GOV,193,659,191,18,28,35,122,289,428,348,5.0547291092745645,1.902649119841882,2.0022526673429004,3.773076923076923,0.923408496319865,0.497706878064153,2016,spring
14,HIST,43,262,106,21,15,9,23,51,163,273,6.125279642058166,2.014542529957357,1.9857683471421659,4.284971098265896,0.7480764437917751,0.505619242164651,2016,spring
15,HISTSCI,35,111,29,6,12,1,4,10,74,121,5.769948186528498,1.9208624365196445,4.048351356043417,4.461904761904762,0.6462811383932489,0.26199998269027647,2016,spring
16,LIFESCI,8,217,123,9,23,13,31,130,121,99,7.410526315789474,2.021684144498103,4.478944276082797,3.632994923857868,0.9898940220279161,0.3161919114198358,2016,spring
17,MATH,24,252,442,108,98,25,74,227,363,312,9.192207792207792,2.4444335470628133,4.554523451497677,3.879120879120879,0.9056216021702895,0.43361918865849736,2016,spring
18,MCB,54,171,47,4,32,1,11,47,146,132,6.283441558441558,2.033554979864998,4.422744326371887,4.163204747774481,0.7491462082401392,0.29927577703398983,2016,spring
19,MUSIC,120,266,56,3,8,5,9,42,145,317,4.224503311258278,1.9734709307713154,1.5656480742405496,4.478185328185328,0.6892656857277325,0.35391766108405626,2016,spring
20,PHYSCI,12,304,155,18,22,22,64,159,185,106,6.616438356164384,2.3409499574544697,0.5880777632196134,3.497574626865671,1.0109018475783218,0.3431277529996547,2016,spring
21,PHYSICS,27,95,181,32,82,11,35,75,142,176,9.288968824940047,2.668313466896779,2.886780112217469,3.9958997722095675,0.9088390201881005,0.5194017488828325,2016,spring
22,PSY,249,500,90,8,12,10,43,127,303,480,4.077415599534342,1.8453367634296858,1.513979046268131,4.258255451713396,0.7820845625536343,0.40779256475065534,2016,spring
23,SCILIVSY,132,238,30,3,5,9,35,153,176,83,3.8230392156862743,2.039808016868914,0.56897618616504,3.625657894736842,0.9144278876069476,0.19917484732288404,2016,spring
24,SCIPHUNV,131,183,8,2,0,15,39,101,120,98,3.140740740740741,1.654981651316946,0.3187660536854064,3.6654155495978555,1.0741022327292051,0.2583919160467626,2016,spring
25,SOCIOL,76,259,63,5,10,8,21,82,166,179,4.787409200968523,1.790287613691711,2.012524060491148,4.063815789473684,0.8244963030837975,0.43833056631351597,2016,spring
26,SOCWORLD,207,246,23,2,3,6,29,128,197,185,3.3054054054054056,1.7592755735971672,0.8457868507945834,3.9882568807339456,0.8828846648586969,0.3087852614390998,2016,spring
27,SPANSH,46,290,63,6,10,8,30,69,167,173,5.078072289156626,2.0557852286675264,0.8347143769936037,4.053691275167785,0.9251541086626365,0.2865805866648748,2016,spring
28,STAT,26,472,300,37,60,34,85,262,357,266,7.178212290502794,2.096958203217609,2.561442754165258,3.726593625498007,0.9665202607857931,0.38981039189928285,2016,spring
29,US-WORLD,88,269,59,7,5,4,22,78,147,211,4.608177570093458,2.0172756261933125,1.0179939253356396,4.143073593073593,0.8839644067903114,0.2849501950020014,2016,spring
0,AESTHINT,143,321,30,1,2,14,46,131,210,161,3.6663983903420525,1.691819976946037,0.6750048112485395,3.822775800711743,0.9822550431569863,0.2726842638323608,2015,fall
1,AFRAMER,38,112,26,3,2,1,5,24,64,117,4.838121546961326,1.7199763044257173,2.530768626638936,4.366350710900474,0.6067336004321061,0.4052445873544314,2015,fall
2,ANTHRO,46,127,50,7,4,5,19,41,109,102,5.164957264957264,1.6301669625020554,2.8516696635424985,4.022826086956521,0.7959459331155655,0.5181705403481446,2015,fall
3,APMTH,6,86,92,9,19,5,8,52,104,68,7.974056603773586,2.44382552979561,1.979431154374716,3.9464135021097047,0.8496042799347747,0.2911453555280268,2015,fall
4,CHEM,20,138,149,32,71,9,40,104,150,131,9.258780487804879,2.628855258609109,4.17080251687145,3.8211981566820277,0.8928181567273402,0.47277243129632374,2015,fall
5,COMPSCI,14,211,423,135,565,51,132,382,511,368,12.714169139465875,2.845908674516171,3.3522147523499375,3.707617728531856,0.9608617301255764,0.4094927990618188,2015,fall
6,CULTBLF,209,452,64,7,2,6,44,165,335,265,3.841825613079019,1.7467350964143495,1.0009436648834942,3.9795092024539875,0.8796837594979198,0.17376312655003553,2015,fall
7,ECON,215,1033,537,40,102,130,239,531,712,558,6.250648676699533,2.1345594514788377,2.4228347069507334,3.6070967741935482,0.9251965949894823,0.6784200640174815,2015,fall
8,ENG-SCI,37,175,209,45,70,34,59,145,195,170,8.459141791044775,2.4676022783696374,3.2901070632059963,3.6792703150912103,0.9400100762942037,0.6430014597016929,2015,fall
9,ENGLISH,47,337,89,9,13,7,9,53,158,312,5.370303030303029,1.9166807553520318,1.3826876584022465,4.417068645640074,0.6840181124917634,0.375608272189921,2015,fall
10,ETHRSON,89,456,93,4,5,4,29,110,298,273,4.578979907264297,1.7974217485683344,0.5152603620589404,4.157563025210084,0.825837445525087,0.22536667807208285,2015,fall
11,EXPOS,55,496,178,16,16,8,40,157,315,290,5.59185282522996,2.1094119753962266,0.4971264173141715,4.018765432098765,0.8777987851362142,0.2517954427266302,2015,fall
12,FRSEMR,374,357,22,3,1,4,42,120,250,411,2.9215323645970943,1.4078228370295187,1.0302037238453974,4.233494558645708,0.7618903685057296,0.49444581453716235,2015,fall
13,GOV,144,690,207,21,27,21,63,198,426,475,5.295224977043158,1.896548990413981,1.7604978764760808,4.088757396449704,0.8375278236683826,0.47166587864280873,2015,fall
14,HIST,51,253,98,10,24,5,16,57,174,251,5.8844036697247715,2.0246134878344524,2.4930977860877634,4.2906560636182896,0.7196204556090406,0.4092520537966684,2015,fall
15,HISTSCI,32,188,47,7,10,2,12,43,130,126,5.36161971830986,1.7618472136793561,2.038357229097492,4.173162939297124,0.7570017201862932,0.406318186472687,2015,fall
16,LIFESCI,21,264,176,18,34,10,37,149,230,126,7.0475633528265105,2.3575623602854265,1.959273174596149,3.782608695652174,0.9141186447055519,0.20069193476073918,2015,fall
17,MATH,14,359,576,106,138,18,77,273,488,416,8.89622799664711,2.448980775141847,2.9421971230928285,3.952437106918239,0.8967002419626214,0.3164172035041569,2015,fall
18,MCB,40,273,102,14,47,16,50,121,154,169,6.588445378151261,2.3090735202324866,2.991559010657043,3.798039215686274,0.939148692247637,0.5474683968239201,2015,fall
19,MUSIC,73,153,47,4,5,6,4,22,76,217,4.690070921985816,1.7948331443055425,2.1095293739048135,4.5270769230769226,0.6088192345049137,0.5004666225001287,2015,fall
20,PHYSCI,5,96,123,16,12,9,19,84,102,45,7.75,2.3713742988883872,0.6216657091783763,3.5849420849420848,0.9254387293674826,0.30308117935472456,2015,fall
21,PHYSICS,7,96,175,31,99,7,23,67,150,180,10.515931372549018,2.7237957346531663,3.4892926013785903,4.110538641686182,0.8675597065630655,0.43360742697934096,2015,fall
22,PSY,262,382,79,4,4,8,21,101,254,472,3.9094391244870037,1.7500214163190022,1.6795074802611425,4.357827102803738,0.7155092130402296,0.42824838632145873,2015,fall
23,SCILIVSY,44,196,39,4,3,7,13,40,103,142,4.585664335664336,1.9113556176718383,0.9290404550124465,4.175081967213115,0.9321963080354421,0.24138006865454117,2015,fall
24,SCIPHUNV,52,254,29,2,0,15,30,81,148,96,4.247774480712166,1.4210510441262698,0.7420815036390059,3.726756756756757,1.0092655868690035,0.30413860686219374,2015,fall
25,SOCIOL,78,286,58,6,16,2,20,97,154,215,5.060360360360359,1.7987932728513085,2.918179405264793,4.1456967213114755,0.7553123226644636,0.4812700136667814,2015,fall
26,SOCWORLD,137,431,66,2,2,6,37,152,257,241,4.1746081504702195,1.6837317585347689,0.6601850363274095,4.010389610389611,0.894580121627225,0.24608095549987755,2015,fall
27,SPANSH,36,333,90,5,6,4,18,62,182,248,5.166382978723404,1.766166644412736,0.8420199258063653,4.25272373540856,0.8086130909220463,0.26347419475981837,2015,fall
28,STAT,35,376,377,60,125,15,52,234,395,402,8.348920863309353,2.3727020963670054,3.0286693435747716,4.026593806921675,0.863472274970794,0.3761847839235857,2015,fall
29,US-WORLD,34,191,48,1,2,2,10,29,67,192,4.699275362318841,1.8181930485921622,0.35447376322271656,4.464333333333333,0.7620243596224953,0.34121531162726104,2015,fall
0,AESTHINT,86,224,43,3,1,4,16,64,146,180,4.273389355742297,1.7790501114335244,1.0271621983579027,4.160243902439024,0.861460044148748,0.2355169488476935,2015,spring
1,AFRAMER,127,266,28,3,3,13,26,99,168,185,3.8135831381733025,1.7381608793668648,1.0533110700553558,3.9894093686354375,0.8485578705640375,0.5396780527735273,2015,spring
2,ANTHRO,85,179,62,10,8,6,29,70,139,144,4.818895348837208,1.9991811771458625,2.2071153304871474,3.9992268041237122,0.8703149799244183,0.47604948640697325,2015,spring
3,APMTH,7,145,145,33,40,25,71,129,133,65,8.27054054054054,2.6606973295506564,1.8649461204389384,3.3444444444444446,1.0053328932523944,0.45482556977707017,2015,spring
4,CHEM,20,133,148,23,70,13,52,118,126,120,9.014720812182741,3.1689176893438824,1.9175615194661713,3.651515151515151,0.9758102432165301,0.4738168067096694,2015,spring
5,COMPSCI,14,215,300,91,388,33,82,261,401,331,12.710912698412697,2.7477712086589934,5.016338381158433,3.811191335740072,0.9183653831713359,0.48088106134426584,2015,spring
6,CULTBLF,221,286,35,1,6,6,26,113,260,227,3.5051001821493624,1.8706854745720132,1.1931694788520546,4.084651898734177,0.8652064951918762,0.1912695899527643,2015,spring
7,ECON,190,1115,451,46,117,57,198,551,758,654,6.298645127670662,2.3340126100328384,2.379703617163355,3.786789900811543,0.9049153023203289,0.513190722642208,2015,spring
8,ENG-SCI,28,190,139,26,52,13,48,94,168,153,8.35448275862069,2.3998990611944215,4.859775965372353,3.8399159663865547,0.929025893056482,0.5315697315432601,2015,spring
9,ENGLISH,50,426,147,18,12,8,17,79,208,408,5.595712098009188,1.7282610800003233,1.7512576945796816,4.370416666666667,0.7037398799214722,0.42849846849201223,2015,spring
10,ETHRSON,39,111,13,1,2,4,20,46,61,47,4.1572289156626505,1.9331632512033115,0.2833356103273063,3.705056179775281,1.02328399613641,0.25157313407367854,2015,spring
11,EXPOS,69,546,156,9,22,17,64,159,317,298,5.446758104738154,2.029761189040535,1.2244885802377121,3.952631578947369,0.9000800180812139,0.46204677992496324,2015,spring
12,FRSEMR,153,113,4,1,1,0,8,37,85,176,2.6386029411764707,1.2472678083746622,1.176336331953452,4.397058823529412,0.5957908764791511,0.4631779713469754,2015,spring
13,GOV,183,655,191,14,21,29,101,249,435,404,4.9637218045112785,1.8550960337719187,1.8551846830764738,3.8907224958949094,0.8984467848380707,0.4914082543229804,2015,spring
14,HIST,55,354,123,14,21,4,20,80,220,340,5.832275132275132,1.8767020042045144,2.4544885152292277,4.322439759036144,0.7225437204184153,0.3834208098882527,2015,spring
15,HISTSCI,92,175,35,3,11,3,24,51,129,162,4.595253164556962,1.7904283817731657,3.001256529970825,4.145528455284552,0.7539910791245731,0.5350964808053241,2015,spring
16,LIFESCI,9,187,168,14,26,39,108,135,103,34,7.266336633663366,2.534076778291448,0.4486011763143828,2.976849642004773,1.0441784924432171,0.3188787094341997,2015,spring
17,MATH,21,329,460,92,112,33,102,275,371,307,8.606706114398422,2.5923227867121734,2.034009264189029,3.747794117647059,0.9551846321723116,0.4408534356564592,2015,spring
18,MCB,42,172,62,8,15,10,21,76,108,130,5.797324414715719,2.056751971169002,2.3565590948806676,3.94,0.8628378496219758,0.5728848937171196,2015,spring
19,MUSIC,103,218,45,3,10,6,8,34,124,270,4.439313984168866,1.7924116293466432,1.944442199207202,4.459049773755655,0.6490350358890751,0.42418087393488885,2015,spring
20,PHYSCI,13,333,182,28,31,21,59,211,216,112,6.771720613287904,2.319164006401731,1.2878349448908726,3.5486268174474964,0.9640290944892664,0.26832313842685074,2015,spring
21,PHYSICS,29,86,160,41,68,16,21,90,140,149,9.366145833333333,2.5136102356628887,3.850973867573323,3.9199519230769235,0.8769488173363592,0.5534950121345632,2015,spring
22,PSY,209,386,62,5,6,10,40,112,261,381,3.8663173652694613,1.7552860150869116,1.386997004213941,4.2002487562189055,0.8044695368842069,0.46263353625370934,2015,spring
23,SCILIVSY,176,223,28,2,2,12,35,123,185,108,3.4227378190255218,1.8918332823458268,0.7002769908941415,3.731317494600432,0.9634253746550551,0.2020194820293947,2015,spring
24,SCIPHUNV,87,262,35,3,2,23,64,117,145,92,4.359125964010282,1.8102425027997546,1.3144442781961823,3.4972789115646257,1.0911987881597434,0.28282962305551895,2015,spring
25,SOCIOL,115,272,66,7,14,17,46,112,166,198,4.731645569620253,2.027497439685569,2.1986979827904483,3.903896103896104,0.8510688929839909,0.6369305717368423,2015,spring
26,SOCWORLD,140,297,32,5,1,22,63,127,200,133,3.722947368421053,1.691178014262818,0.785794768551273,3.6629357798165136,1.0141280868548967,0.3879168140096074,2015,spring
27,SPANSH,47,322,67,2,10,5,15,72,172,212,5.2718750000000005,1.8516247872511538,1.3430256561013374,4.207983193277311,0.7905677409355256,0.35871404269057616,2015,spring
28,STAT,69,527,280,33,55,23,81,277,422,304,6.500311203319502,2.2288408305919423,2.012675060461354,3.8155374887082205,0.9249578584463594,0.325341534385919,2015,spring
29,US-WORLD,64,156,25,3,2,4,14,49,93,120,4.171600000000001,1.8785881301080538,1.0014556605262164,4.127142857142857,0.9156084905748096,0.27146240390649645,2015,spring
0,AESTHINT,124,204,19,0,0,5,23,79,152,147,3.3184438040345823,1.617039298687745,0.6224474322541812,4.034729064039409,0.8580302581298048,0.38320761905664763,2014,fall
1,AFRAMER,82,135,24,0,0,3,11,51,104,125,3.627385892116182,1.4452188123719063,1.29739485716671,4.154761904761905,0.7634896287788633,0.40367501128906785,2014,fall
2,ANTHRO,77,149,53,4,5,1,20,64,112,130,4.667708333333334,1.7758983477182178,2.2681748103896466,4.076146788990826,0.7789758724884746,0.47774298924640757,2014,fall
3,APMTH,6,96,98,13,27,19,33,81,96,51,8.075833333333334,2.6590970000037393,2.0052845115400015,3.450714285714286,0.934832065444204,0.6454230537928956,2014,fall
4,CHEM,32,166,138,33,52,8,37,76,168,183,7.981710213776722,2.6878340601800517,2.721729735320621,4.035381355932204,0.9472978511530613,0.3067017382777089,2014,fall
5,COMPSCI,13,202,350,146,400,25,115,278,452,370,11.989738973897389,3.0072681174144873,2.9103160852120116,3.810483870967741,0.9044873144023128,0.4663202811143473,2014,fall
6,CULTBLF,217,407,42,2,4,7,26,135,310,291,3.6462797619047613,1.8602968454526976,0.39590669634330145,4.124577373211964,0.8300633267250754,0.2571360916539554,2014,fall
7,ECON,156,822,427,44,73,100,251,529,567,380,6.1970433639947435,2.2218573522101264,2.1162714675892076,3.494143404488232,0.9479150634456747,0.5970678832077605,2014,fall
8,ENG-SCI,46,192,144,38,77,19,45,128,232,145,8.375452716297785,2.4196853157990414,3.8943080072600993,3.768014059753954,0.8945187475022376,0.4674235854534683,2014,fall
9,ENGLISH,61,364,101,9,7,3,13,65,171,345,5.092619926199262,1.6611863280565418,1.4802204381715605,4.409045226130653,0.6421503780808112,0.4509271219514092,2014,fall
10,ETHRSON,341,536,59,1,7,13,37,237,418,380,3.5447033898305076,1.8256509807085364,0.7297648194339216,4.0278341013824885,0.885227287465272,0.16201328425435904,2014,fall
11,EXPOS,67,493,140,18,7,10,52,139,285,321,5.296827586206896,1.7790556434604272,1.1003088616216534,4.0708798017348204,0.7912673371143141,0.5463698781894675,2014,fall
12,FRSEMR,322,330,11,2,1,6,34,93,231,376,2.8729729729729736,1.3555290699375557,1.021549721797414,4.265945945945946,0.7299260086315594,0.522884202257107,2014,fall
13,GOV,100,511,199,16,42,13,38,152,364,422,5.774769585253457,2.16744278137609,1.8160946648513872,4.167846309403439,0.8073003862866186,0.39593167777682076,2014,fall
14,HIST,112,396,98,15,16,15,43,128,277,278,5.034379905808477,1.878275692803241,2.003394717114742,4.032793522267206,0.7924283868082003,0.5397719284057675,2014,fall
15,HISTSCI,28,143,47,7,7,1,8,43,106,103,5.388362068965518,1.8811929203364277,2.04690533613867,4.144061302681992,0.659211600504105,0.433126807633773,2014,fall
16,LIFESCI,37,323,136,12,18,6,16,114,232,175,6.0399239543726235,2.2645944951355164,0.9839216916796515,3.9987108655616947,0.8562307895688553,0.1152233606824101,2014,fall
17,MATH,9,372,507,108,147,40,81,255,475,385,8.92195975503062,2.5745726668334084,2.2806191716076585,3.8768608414239485,0.9014029090164869,0.4672426693127207,2014,fall
18,MCB,67,242,90,14,20,16,58,126,169,121,6.048036951501155,2.117097667390101,3.435092917518144,3.669183673469388,0.917932994450047,0.535446930370927,2014,fall
19,MUSIC,79,156,36,4,10,1,7,38,73,222,4.932631578947368,1.9774821382541297,2.212045593194496,4.495014662756598,0.6384485169057449,0.3733871471567231,2014,fall
20,PHYSCI,9,111,84,24,14,7,28,72,104,47,7.789669421487603,2.57619039226055,0.9440202703772501,3.567441860465116,0.9356391055646985,0.3236571041061809,2014,fall
21,PHYSICS,2,71,146,43,90,9,23,74,143,130,11.044318181818182,2.8286133412977064,3.2761138964322796,3.9662269129287595,0.9259546865303329,0.33725457014018884,2014,fall
22,PSY,294,334,52,8,6,10,26,123,255,413,3.589625360230548,1.7939897881195508,1.745089984135092,4.255380894800484,0.7560686840780039,0.4576681803037665,2014,fall
23,SCILIVSY,118,195,17,1,2,2,15,78,150,126,3.446546546546547,1.8610202549080614,0.3412946932684991,4.020485175202156,0.8735677681568005,0.04035932503341181,2014,fall
24,SCIPHUNV,58,160,24,1,2,7,16,61,107,86,4.226122448979592,1.7704957352502082,1.0763369784266896,3.928519855595668,0.9077601105020597,0.3756327664588437,2014,fall
25,SOCIOL,99,237,56,3,8,4,28,88,161,180,4.481389578163772,1.9370794606692265,1.9187661602596053,4.043600867678959,0.864917369908746,0.3930348644646089,2014,fall
26,SOCWORLD,122,329,65,4,7,20,28,108,243,186,4.3307400379506635,2.0300904125113197,0.8014479441501745,3.9299145299145306,0.8852929395345787,0.4349800972487785,2014,fall
27,SPANSH,61,323,73,6,3,3,12,64,204,229,4.776609442060085,1.780030526172492,0.6904856829549642,4.254687499999999,0.7439751799135579,0.26357202970677684,2014,fall
28,STAT,26,304,275,48,90,30,71,214,315,251,8.17456258411844,2.5271619480980494,2.5290104759908343,3.7870601589103288,0.9663956802709847,0.39774119005914926,2014,fall
29,US-WORLD,58,210,32,5,3,5,9,36,108,197,4.439935064935065,1.9139646195469087,0.7719910139720326,4.350704225352112,0.6939502445554585,0.4627149639567218,2014,fall
0,AESTHINT,92,150,40,3,2,3,17,51,111,105,1.8627177700348432,2.080527956393179,0.256015298836286,4.026829268292683,0.9019389649625631,0.251846246401041,2014,spring
1,AFRAMER,76,151,39,8,0,1,13,47,102,113,1.9222627737226279,1.9664858277659958,0.34010623651714167,4.12536231884058,0.7662331610793849,0.42810021754408123,2014,spring
2,ANTHRO,59,116,49,20,7,2,15,35,74,125,2.212749003984064,2.0866359852987286,0.7042817346078167,4.219123505976095,0.7492660526758591,0.5296326892697303,2014,spring
3,APMTH,21,146,151,39,20,12,52,116,133,64,2.7037135278514586,2.245905205255059,0.5376409840665345,3.475596816976127,0.9459464298814598,0.40512463522901687,2014,spring
4,CHEM,50,123,149,83,34,11,36,120,156,114,2.826195899772209,2.715145015445393,0.6330112925337237,3.757437070938215,0.9270347273396856,0.38438732349153476,2014,spring
5,COMPSCI,39,200,233,167,172,35,70,210,264,234,3.293711467324291,2.676284420131224,0.7785328201264222,3.7154981549815496,0.9609545589321632,0.5155213547630865,2014,spring
6,CULTBLF,353,276,40,5,1,14,37,130,263,234,1.529037037037037,1.7587006615533458,0.28464630183225004,3.970058997050147,0.910730430545021,0.31697826070297963,2014,spring
7,ECON,20,53,62,24,16,0,4,16,66,90,19.05159010600707,1.1341266451387328,24.581468125603866,3.5977134146341463,-0.7874009082631306,0.5140504063881793,2014,spring
8,ENG-SCI,50,253,180,56,29,15,42,139,188,188,2.5802816901408447,2.2066565587582727,0.611911049024505,3.8622377622377626,0.9242308821742776,0.4591424350209316,2014,spring
9,ENGLISH,68,313,192,38,8,8,9,64,157,384,2.3571890145395797,1.9772583511804653,0.4586196696939722,4.432315112540192,0.6437489034743246,0.4306961131257668,2014,spring
10,ETHRSON,75,132,41,3,2,5,14,53,90,91,1.9106719367588931,2.138875143218496,0.2533661582790233,3.9415019762845853,0.9224733106413646,0.3525975280606961,2014,spring
11,EXPOS,74,462,221,36,3,5,48,143,317,285,2.2889447236180906,1.9785496633634332,0.2737298524465335,4.038596491228071,0.7959585838242536,0.4465002140992723,2014,spring
12,FRSEMR,171,79,16,3,0,2,7,25,79,158,1.4460966542750928,1.3273024761021346,0.4673280909182507,4.413284132841329,0.6305551152861698,0.46315211181438287,2014,spring
13,GOV,192,450,256,75,26,28,68,227,302,376,2.2894894894894895,2.309693127540641,0.561653892298784,3.9337662337662342,0.8841860131316877,0.5559762510278604,2014,spring
14,HIST,58,252,180,39,15,3,16,76,196,259,2.450919117647059,2.1269220171649956,0.5320595742178393,4.249636363636363,0.7477186764406167,0.36654387625922835,2014,spring
15,HISTSCI,147,175,45,11,7,2,16,58,149,156,1.8514285714285716,1.8164130044005404,0.6169504269498025,4.150918635170604,0.8238864551293683,0.26289414093465413,2014,spring
16,LIFESCI,26,177,112,30,13,34,77,126,90,33,2.5,2.6199919253928474,0.14023125353955063,3.058888888888889,1.010658334650461,0.42723775437738654,2014,spring
17,MATH,45,229,375,147,69,21,55,188,303,307,2.9747976878612725,2.437370754879414,0.5404243564841977,3.9438215102974836,0.8720901117295922,0.4963155278176049,2014,spring
18,MCB,34,92,39,14,7,5,15,32,66,68,2.302688172043011,2.2532711069016544,0.643029857306005,3.934408602150538,0.9218728879397794,0.49989130510066926,2014,spring
19,MUSIC,138,193,66,16,3,8,16,57,137,198,1.9074519230769231,2.034608425164769,0.49221560277147497,4.217548076923077,0.7559017693861494,0.5299262898636088,2014,spring
20,PHYSCI,35,201,175,50,12,22,51,147,161,94,2.5854122621564484,2.5743324173945448,0.1510313004597435,3.541473684210526,1.022811481930681,0.2745061342275103,2014,spring
21,PHYSICS,37,76,121,70,34,9,31,68,128,105,2.9627218934911244,2.4815230052482837,0.7563738936765784,3.8463343108504398,0.8738877650999879,0.5393814146998813,2014,spring
22,PSY,361,383,113,22,8,14,55,132,280,403,1.793348365276212,2.0338040261779695,0.44923931115467863,4.133710407239819,0.8236505785156791,0.5188695398594447,2014,spring
23,SCILIVSY,178,172,30,5,1,12,40,124,142,67,1.6474093264248704,2.0338361343891687,0.18536065759626655,3.5324675324675323,0.9860817321922781,0.14897185164393645,2014,spring
24,SCIPHUNV,116,130,35,3,1,21,49,91,86,38,1.7529824561403509,2.115900201810455,0.21034612171438571,3.2333333333333334,1.0587836915134223,0.36193114268709115,2014,spring
25,SOCIOL,129,275,86,29,2,12,26,88,192,204,2.0355086372360844,2.0060607704174616,0.47782514773334844,4.044636015325671,0.8641721688163585,0.4109375805415755,2014,spring
26,SOCWORLD,150,239,58,9,1,11,21,75,176,177,1.8431072210065644,2.0149048246030263,0.28638235426830977,4.060434782608697,0.892769751109995,0.3697822891903638,2014,spring
27,SPANSH,95,263,97,8,1,4,19,67,186,188,2.033405172413793,2.0659488857661765,0.1849523460734514,4.161422413793104,0.8163757921721516,0.29999806467370216,2014,spring
28,STAT,93,384,291,65,28,18,63,198,339,251,2.4551684088269456,2.2302614741151188,0.5078358132487563,3.8444188722669743,0.9246079710049717,0.34734805195228285,2014,spring
29,US-WORLD,84,265,57,8,0,7,22,56,142,188,1.978985507246377,1.853605046118522,0.19416098401240506,4.177831325301205,0.8647987720769249,0.4047788275832733,2014,spring
0,AESTHINT,145,297,57,5,4,16,54,125,174,141,1.875,2.006325306881731,0.18353752646815102,3.7358823529411764,1.0237831335100713,0.326578678449762,2013,fall
1,AFRAMER,246,226,53,11,2,5,43,126,191,172,1.6888475836431225,1.8647146009699327,0.4351068866285146,3.9055865921787705,0.8103905757910448,0.5074184126352831,2013,fall
2,ANTHRO,63,141,70,13,8,7,23,65,104,98,2.1820338983050847,2.1034544343058896,0.6099035201863083,3.8818181818181814,0.9027318073320105,0.4819356949637534,2013,fall
3,APMTH,21,115,66,36,28,12,31,80,107,37,2.7492481203007517,2.395335300723766,0.7748995802611767,3.4737827715355807,0.9719322029651138,0.2947510814277116,2013,fall
4,CHEM,80,123,152,96,54,14,46,86,163,193,2.8562376237623766,2.5525318636153136,0.857699953865966,3.9284860557768924,0.8878997998258312,0.6010990090907332,2013,fall
5,COMPSCI,9,141,273,169,163,13,45,138,295,267,3.432847682119205,2.7127239577102364,0.5660896162450387,3.995118733509235,0.8490979188971399,0.41414937988303074,2013,fall
6,CULTBLF,299,416,82,12,3,31,85,183,296,217,1.7764778325123152,2.026862304874746,0.2479490418233449,3.729187192118227,0.9714246092005949,0.439769117025241,2013,fall
7,ECON,191,916,659,196,60,67,254,647,663,401,2.5185459940652817,2.37909422665769,0.42943993454276574,3.514566929133858,0.8934183209693857,0.5377797838466892,2013,fall
8,ENG-SCI,64,154,168,75,48,8,49,124,205,123,2.788212180746562,2.2679827557207997,0.8534102087793882,3.7612966601178788,0.8133962782867756,0.5333431355187345,2013,fall
9,ENGLISH,73,321,206,64,11,2,21,97,190,369,2.428592592592593,2.1636814522746723,0.4898951708923541,4.326067746686304,0.7506018365569963,0.38328208403286734,2013,fall
10,ETHRSON,440,354,41,3,0,13,64,208,316,238,1.541885441527446,1.7899194822815987,0.10224112195958363,3.802264600715137,0.8662838523739931,0.43159721828381065,2013,fall
11,EXPOS,89,474,246,45,8,7,41,133,337,346,2.3160092807424597,2.090432973022632,0.3408040716116708,4.124189814814815,0.807089747402653,0.3957009030961097,2013,fall
12,FRSEMR,520,301,51,3,1,11,47,123,263,432,1.4727168949771694,1.5177929229174685,0.36558256160443836,4.212671232876712,0.7377356466087306,0.5942738069826091,2013,fall
13,GOV,233,767,446,93,27,11,65,253,609,628,2.3086845466155808,2.1560508267561045,0.4639644604280029,4.1236909323116215,0.8017694719245122,0.35616363209858254,2013,fall
14,HIST,173,441,194,56,23,4,34,152,331,367,2.235625704622322,2.1194445320744846,0.5916501180239565,4.153941441441442,0.7921396354734201,0.341740057413768,2013,fall
15,HISTSCI,70,143,74,23,6,9,15,59,120,116,2.225,2.2142303165651254,0.5840509449775028,3.9956112852664574,0.8029816659009675,0.5497045538739503,2013,fall
16,LIFESCI,38,266,245,67,16,8,56,161,265,144,2.6232594936708864,2.4034446221883337,0.25122511666892156,3.7785488958990543,0.9102638431337675,0.24791962478527285,2013,fall
17,MATH,39,379,660,257,60,18,104,292,558,430,2.949032258064516,2.308553923779736,0.3875538520086326,3.9206847360912978,0.8627938168634134,0.398624724442389,2013,fall
18,MCB,109,207,121,40,11,12,44,132,192,109,2.241803278688525,2.0825509372113022,0.6642930624175865,3.6961145194274025,0.8805532233189451,0.4272004687076465,2013,fall
19,MUSIC,116,197,57,19,5,0,6,43,124,220,1.9964467005076143,2.1316088080882905,0.4888477734799674,4.421882951653944,0.654605764382797,0.32819890409754526,2013,fall
20,PHYSCI,7,60,121,41,10,13,55,71,62,39,2.9443514644351465,2.5133155874549455,0.09873413175799985,3.23625,0.9165276861446624,0.6756929313674964,2013,fall
21,PHYSICS,9,84,154,107,65,10,27,82,156,143,3.332696897374702,2.3354437729374946,0.6819214263802565,3.9519138755980863,0.8293543154765566,0.5465057967524432,2013,fall
22,PSY,354,313,123,32,7,7,45,112,255,413,1.8231604342581424,2.1103036513490365,0.5079765669754782,4.2328125000000005,0.7711126904652358,0.46857268280867514,2013,fall
23,SCILIVSY,179,253,60,6,2,5,18,77,186,210,1.8072000000000001,2.122456789658759,0.13322222036882578,4.185080645161291,0.8443635546937102,0.2873319872825035,2013,fall
24,SCIPHUNV,73,193,94,19,6,19,67,122,111,67,2.1815584415584413,2.4507466071772233,0.25522622984866983,3.3554404145077714,1.0551720520516383,0.3264409075754572,2013,fall
25,SOCIOL,131,302,128,31,11,11,31,112,235,212,2.1432835820895524,2.0370858283408557,0.5625402856514962,4.007986688851914,0.8240040232921446,0.4627589689930877,2013,fall
26,SOCWORLD,152,304,123,24,8,13,37,117,239,209,2.092962356792144,2.2674801278479713,0.3694108596107774,3.954959349593496,0.9163855210236919,0.3501506620762304,2013,fall
27,SPANSH,148,373,86,15,2,3,11,94,266,252,1.9597756410256408,2.0613186207550984,0.1254502697321578,4.203035143769968,0.7511564183225865,0.24286703795685788,2013,fall
28,STAT,75,396,399,192,115,22,101,256,416,384,2.875615972812235,2.3805345793415666,0.7063314694897843,3.8964376590330794,0.9347876384077575,0.40317341494366393,2013,fall
29,US-WORLD,74,179,61,7,2,5,11,46,92,170,2.024458204334365,2.152965676946227,0.25227620242276105,4.256481481481481,0.7916022099695913,0.455543322630095,2013,fall
0,AESTHINT,127,157,35,6,2,6,19,88,122,93,1.7883792048929663,1.9765484900694528,0.3659675332711115,3.8451219512195123,0.9431986665445332,0.22666857670282714,2013,spring
1,AFRAMER,201,247,62,8,3,11,26,120,166,195,1.8013435700575815,2.0255292813828127,0.3119779616612408,3.980115830115831,0.913384824826452,0.3656199924257104,2013,spring
2,ANTHRO,123,181,63,13,12,9,28,78,135,143,1.9926020408163265,2.049849958567321,0.6623407508223518,3.9424936386768445,0.9330056182652491,0.42246205615514315,2013,spring
3,APMTH,45,151,183,52,17,31,55,136,158,68,2.666071428571429,2.259331346290027,0.542860079879273,3.386607142857143,1.0475897900679105,0.35216055989985534,2013,spring
4,CHEM,61,101,157,105,39,17,29,114,154,147,2.9265658747300214,2.716934418449693,0.6797649824797247,3.8518438177874184,0.9447552875294207,0.45201628969475843,2013,spring
5,COMPSCI,34,161,316,180,166,47,73,172,304,262,3.3095682613768953,2.600732977885421,0.6701517098278508,3.759557109557109,0.9393949717559675,0.633345569475987,2013,spring
6,CULTBLF,258,247,47,3,0,8,43,121,225,165,1.6302702702702705,1.863906968042374,0.23369904208039943,3.8743772241992884,0.8891706358408205,0.363041305328335,2013,spring
7,ECON,285,865,526,142,60,61,178,510,645,493,2.3595846645367407,2.3048232330219625,0.5426449228247565,3.7160572337042925,0.8867318982857149,0.550599935753833,2013,spring
8,ENG-SCI,39,254,211,77,57,9,29,147,212,240,2.786206896551724,2.438535041354513,0.6545938709438107,4.010675039246468,0.8326118593887906,0.4668061927171323,2013,spring
9,ENGLISH,90,385,218,33,11,6,8,66,192,467,2.301628222523745,2.007207324240728,0.43878771897610014,4.5008119079837625,0.6599032646631231,0.3354545980528766,2013,spring
10,ETHRSON,123,228,60,6,1,18,50,99,147,105,1.8904306220095692,1.9889054368826455,0.2744360136160515,3.639618138424821,1.0530441865205868,0.35867143773067545,2013,spring
11,EXPOS,98,503,250,42,11,16,58,185,324,324,2.297676991150442,2.147436199525256,0.29174695379011945,3.969018743109151,0.8907809721778794,0.42927521117044753,2013,spring
12,FRSEMR,308,99,10,0,0,0,13,56,125,222,1.2913669064748199,1.0862793295083577,0.31090847336297434,4.329086538461539,0.6871596181651144,0.4395092676579739,2013,spring
13,GOV,120,564,335,88,21,22,66,237,389,415,2.3967198581560285,2.2763996467643004,0.39252531141584684,3.9847652790079717,0.8146845077824196,0.5505597142328624,2013,spring
14,HIST,43,219,131,39,11,2,14,69,156,201,2.455981941309255,2.1073801012781144,0.5328733980643325,4.213574660633484,0.7555251924388252,0.38045742900555685,2013,spring
15,HISTSCI,129,241,66,11,14,8,41,106,153,152,1.9978308026030371,1.9971397594594642,0.5998514472691518,3.8713043478260865,0.9024796759608539,0.4804916354321132,2013,spring
16,LIFESCI,23,206,148,34,12,21,59,150,143,52,2.5047281323877066,2.406731272490672,0.2173912800486553,3.3105882352941176,0.9640378277180718,0.3532116610598389,2013,spring
17,MATH,45,282,423,169,47,11,51,183,341,387,2.8824016563147006,2.3879419901459964,0.4443116761771165,4.058787255909557,0.8456822169907583,0.3909528888722362,2013,spring
18,MCB,53,154,74,24,13,7,30,64,118,97,2.332075471698113,2.4581783960846524,0.5300196691160949,3.8629746835443037,0.9197814343588844,0.4538053024410733,2013,spring
19,MUSIC,102,141,57,18,11,2,9,44,101,175,2.0784194528875384,2.166116555350281,0.6992327060791453,4.329909365558912,0.7203521227321038,0.39404133266171587,2013,spring
20,PHYSCI,34,250,224,61,13,23,79,215,189,78,2.5969072164948455,2.4273004144875943,0.21798212744641834,3.401712328767123,1.004785910659315,0.09488897325433437,2013,spring
21,PHYSICS,27,106,206,87,47,11,48,120,168,124,3.0323467230443972,2.2590708333455782,0.6713324844890767,3.735244161358811,0.9268552195655198,0.46898487049201415,2013,spring
22,PSY,386,424,128,24,8,16,54,173,310,415,1.7948453608247423,2.0830730292029465,0.4217467687030544,4.083884297520661,0.8629648028970317,0.439699130606272,2013,spring
23,SCILIVSY,205,206,48,6,1,14,45,150,162,96,1.6989270386266095,2.122767462126093,0.10833764894432547,3.5837259100642402,0.9893669850786234,0.22977652729953393,2013,spring
24,SCIPHUNV,76,102,27,5,0,27,51,62,42,25,1.817619047619048,2.135839372436366,0.25094876657738735,2.9135265700483095,1.1697090551540357,0.32034194896996865,2013,spring
25,SOCIOL,267,566,150,22,9,18,59,208,373,356,1.9655818540433925,1.9692617865526723,0.3662120276794242,3.997337278106509,0.8835287527132862,0.39534122610732986,2013,spring
26,SOCWORLD,185,305,77,7,0,6,30,116,214,210,1.8440766550522647,1.9437140396210781,0.2493016749531698,4.042881944444445,0.8753124087515269,0.3234224962226435,2013,spring
27,SPANSH,145,341,96,10,4,1,25,116,206,251,1.9793624161073826,1.993748048768199,0.3129105563984249,4.128547579298831,0.8246659103809185,0.2906495988393799,2013,spring
28,STAT,222,595,295,65,48,20,69,287,453,398,2.269142857142857,2.231094914751108,0.6019380943151506,3.932681336593317,0.9086784497820727,0.3036848922412122,2013,spring
29,US-WORLD,103,187,44,2,0,9,23,82,121,102,1.8220238095238097,1.886942085124941,0.2351356232855168,3.8468842729970327,0.9655351069313244,0.31263799795375297,2013,spring
0,AESTHINT,157,221,49,4,1,16,64,130,127,93,1.7974537037037035,1.9919725201785259,0.21872525825197625,3.5176744186046514,0.9662304148682919,0.5090932989344987,2012,fall
1,AFRAMER,81,112,43,14,2,2,11,52,86,99,1.9761904761904763,1.8380212699024103,0.6159814173950086,4.0808,0.6936409319651602,0.5612409108395431,2012,fall
2,ANTHRO,63,148,80,20,12,4,25,68,110,115,2.2959752321981424,2.0802587468146294,0.6990590044099411,3.953416149068323,0.8914919966336106,0.4629142168496965,2012,fall
3,APMTH,24,210,138,36,12,11,56,151,141,61,2.5352380952380953,2.3132284393352425,0.3289176919421672,3.437380952380952,0.9094082828052485,0.36769267397424577,2012,fall
4,CHEM,62,150,151,80,35,12,42,95,153,175,2.7510460251046025,2.358821264625766,0.7779041644669855,3.919706498951782,0.9019763145416217,0.5338730738017323,2012,fall
5,COMPSCI,25,157,338,301,316,26,95,197,400,421,3.615039577836412,2.796239365134637,0.5562729530164965,3.953380158033362,1.000051244516784,0.2687311034524091,2012,fall
6,CULTBLF,434,516,98,9,2,5,64,238,426,327,1.727195467422096,1.862626019643487,0.2661883763213851,3.943679245283019,0.8643548499658622,0.24542541222430123,2012,fall
7,ECON,219,931,595,156,64,79,277,639,594,381,2.4481424936386764,2.3263933861267225,0.4789756457931791,3.473197969543147,0.924229451548664,0.5273171503485496,2012,fall
8,ENG-SCI,74,154,177,80,57,19,68,132,183,142,2.7981549815498155,2.3447491322550746,0.8682787772491676,3.662132352941177,0.9102207226082288,0.6152174509020885,2012,fall
9,ENGLISH,55,332,205,51,6,4,18,77,161,393,2.4171032357473035,1.9970551739077231,0.4257145793319577,4.415926493108729,0.7046611448453454,0.39703025538769054,2012,fall
10,ETHRSON,433,532,94,10,3,13,73,239,454,294,1.7403917910447764,2.026250894962582,0.13487499549666343,3.8540540540540538,0.915232804581165,0.14693153798448885,2012,fall
11,EXPOS,102,506,226,38,11,15,53,165,333,319,2.266817667044168,2.1339135879038498,0.2947593556445167,4.007909604519774,0.8553601113667643,0.44272478445023855,2012,fall
12,FRSEMR,550,266,29,5,0,7,38,144,249,416,1.4034117647058821,1.425626345820814,0.3282038568120393,4.208782201405152,0.7541056620577313,0.53819471578174,2012,fall
13,GOV,269,711,379,81,25,12,73,262,530,582,2.227098976109215,2.181156453584973,0.48440116131598604,4.079095270733379,0.8200937862124097,0.39389829159861794,2012,fall
14,HIST,104,368,203,36,17,5,30,102,267,325,2.3001373626373627,2.0909974441631887,0.5123073026419759,4.2091906721536345,0.7823946631626804,0.3527054412015547,2012,fall
15,HISTSCI,77,163,67,26,11,8,21,75,122,119,2.2319767441860465,2.3154239550332694,0.586545503235805,3.9310144927536235,0.9612332737701951,0.3005219851492999,2012,fall
16,LIFESCI,29,309,210,55,20,15,84,201,231,92,2.5332263242375603,2.458816701260681,0.21366711439932526,3.5179775280898875,0.9220017102971818,0.3303256131924504,2012,fall
17,MATH,53,365,551,208,62,24,82,258,485,391,2.8837772397094428,2.4939454648161616,0.37576279429609216,3.9137903225806445,0.8682317057138923,0.4373068103265264,2012,fall
18,MCB,83,284,160,33,12,19,52,184,201,118,2.31993006993007,2.2642138618317493,0.4260174928341492,3.609581881533101,0.9399089126869882,0.38544354208061593,2012,fall
19,MUSIC,109,201,89,21,5,10,22,62,144,188,2.0889411764705885,2.2457944652444266,0.4634855757116219,4.12112676056338,0.7875270516470609,0.559698651218574,2012,fall
20,PHYSCI,6,85,96,27,2,8,28,80,68,32,2.725,2.2634519869975778,0.08291561975888495,3.4,0.9566946326694762,0.33166247903554,2012,fall
21,PHYSICS,16,129,205,136,83,34,57,138,192,146,3.260456942003515,2.5105640874325506,0.6240075159452827,3.6278659611992947,0.9635411918981457,0.6036042798509725,2012,fall
22,PSY,238,276,121,22,9,9,31,83,206,337,1.9355855855855857,2.1977404662551754,0.5035707655815425,4.2483483483483475,0.7294788711252269,0.5729686447290264,2012,fall
23,SCILIVSY,218,327,68,13,1,12,39,120,213,242,1.7956937799043065,2.1099211742718214,0.12269159222789333,4.0314696485623,0.9455570446607356,0.3231485675082346,2012,fall
24,SCIPHUNV,161,203,57,5,3,9,26,124,159,111,1.7913752913752914,2.2258492908477123,0.1412406613707572,3.790675990675991,0.946182020320328,0.18259144634045485,2012,fall
25,SOCIOL,206,382,141,25,8,16,56,188,303,197,2.0111548556430447,1.9607300864072479,0.5124630243713334,3.797763157894737,0.8794850647073937,0.41349950259058266,2012,fall
26,SOCWORLD,135,225,62,9,1,5,28,88,168,140,1.8958333333333333,1.9924381096750978,0.3328207864991698,3.9659673659673658,0.8974151468962505,0.3348559288821299,2012,fall
27,SPANSH,195,362,124,15,4,5,15,104,263,312,1.957142857142857,2.1449673257542354,0.2937304053386509,4.233333333333333,0.7901845308103597,0.23147636300174787,2012,fall
28,STAT,196,404,271,142,71,5,47,189,409,438,2.4993542435424354,2.2534652180527117,0.8352638114147615,4.1343749999999995,0.8261876580294505,0.2957020170787001,2012,fall
29,US-WORLD,39,126,47,3,1,3,11,36,69,96,2.0805555555555557,1.9096973699598578,0.3100054758576506,4.13906976744186,0.8597485370951081,0.4271692325905962,2012,fall
0,AESTHINT,126,205,44,4,0,11,19,80,143,127,1.8147757255936676,1.909866798724578,0.23893594341829608,3.9344736842105266,0.9247215446498842,0.3962933347940843,2012,spring
1,AFRAMER,102,115,20,2,0,2,10,48,97,84,1.6736401673640167,1.7095933612355532,0.34582950460117146,4.055601659751038,0.7979514466957017,0.364133358449668,2012,spring
2,ANTHRO,92,169,76,8,6,7,17,68,141,119,2.043589743589744,1.9604589581184346,0.5406102833033465,3.9909090909090916,0.8524714469204032,0.4407216096245823,2012,spring
3,APMTH,34,159,160,47,10,12,46,135,143,76,2.5860975609756096,2.2487269071591087,0.46241876306338997,3.5742718446601938,0.9376715465537175,0.36399643106579505,2012,spring
4,CHEM,45,92,184,107,53,17,51,102,135,172,3.050103950103951,2.768833597861051,0.6064149358594831,3.79559748427673,0.9853879470830618,0.5334134269988766,2012,spring
5,COMPSCI,20,127,238,152,120,23,42,151,235,210,3.332572298325723,2.637109797659478,0.6228072069840536,3.866414523449319,0.9536724288556231,0.4272035558076115,2012,spring
6,CULTBLF,143,191,46,3,0,2,19,85,154,123,1.7574412532637076,1.926950193034455,0.24810662887221557,3.97023498694517,0.8708818146844073,0.18761022070154887,2012,spring
7,ECON,410,1042,569,139,47,51,206,624,781,556,2.2562301767104667,2.186215955590812,0.5298142526455879,3.6962578899909833,0.8833790824377545,0.48921595896155246,2012,spring
8,ENG-SCI,37,158,182,75,48,34,47,102,175,142,2.8718000000000004,2.5185796221907517,0.6646388192093506,3.7019999999999995,0.8894471727665809,0.756727163514037,2012,spring
9,ENGLISH,147,464,255,58,7,12,25,143,306,448,2.2727175080558535,2.193546338237334,0.3800150156802328,4.24796573875803,0.7705783251974595,0.3901505980902669,2012,spring
10,ETHRSON,48,130,37,1,1,7,18,70,92,30,1.9907834101382489,1.9866782115677237,0.1374817427389093,3.5534562211981573,0.9095554023178826,0.2512632400996055,2012,spring
11,EXPOS,130,545,221,40,10,13,52,172,341,365,2.2149048625792815,2.1338869062818944,0.3097087246432017,4.050477200424178,0.8891995720535475,0.37894938379986876,2012,spring
12,FRSEMR,252,121,16,1,1,0,12,41,94,245,1.4127877237851663,1.235143305812922,0.4091537688952806,4.459693877551021,0.6079470285517125,0.48896799711986627,2012,spring
13,GOV,206,692,398,78,19,45,107,315,478,449,2.274659009332376,2.2270897730002335,0.3891709514519395,3.836513629842181,0.8721304220731411,0.5817967126127936,2012,spring
14,HIST,51,235,136,62,39,5,20,65,173,260,2.62868068833652,2.2142396902744697,0.7512256265710834,4.27151051625239,0.7372293667150146,0.4649585328498721,2012,spring
15,HISTSCI,97,165,61,17,12,2,16,53,135,150,2.106534090909091,2.103511400928158,0.6703861073506213,4.152247191011235,0.7928151875007902,0.3461189404223292,2012,spring
16,LIFESCI,68,312,171,41,3,54,110,190,168,74,2.3309243697478994,2.3332206427061335,0.12306308825894811,3.135738255033557,1.047773685954019,0.43771212531061443,2012,spring
17,MATH,43,215,349,127,52,8,46,145,307,290,2.9231552162849876,2.328125933000825,0.551563328801777,4.04786432160804,0.8555032094949546,0.35160502292222423,2012,spring
18,MCB,50,131,72,17,10,7,11,53,110,99,2.323928571428571,2.1752121120394343,0.6096535273984623,4.008571428571428,0.8865215345558375,0.3630202108277,2012,spring
19,MUSIC,116,174,68,11,6,10,18,67,129,156,1.9912,2.1137915772951033,0.4988011226932032,4.078684210526316,0.8499583369271112,0.4771001828626087,2012,spring
20,PHYSCI,57,267,179,46,6,16,98,199,171,70,2.4484684684684686,2.4014281784816123,0.1932472542056286,3.35,0.9464898814256354,0.34370302435833844,2012,spring
21,PHYSICS,32,153,219,79,41,13,41,117,197,157,2.913167938931298,2.243481455057549,0.6389386793101923,3.840380952380952,0.8546854303206501,0.5444156741900943,2012,spring
22,PSY,294,358,126,22,11,6,45,121,265,374,1.895067817509248,2.065806159269531,0.4984319076338491,4.170530209617756,0.7893574686361402,0.4637084100286251,2012,spring
23,SCILIVSY,125,167,48,4,1,4,19,77,151,94,1.7857971014492755,2.141679911554563,0.16025709233532323,3.8820289855072456,0.8492503025496619,0.3091295854639534,2012,spring
24,SCIPHUNV,311,267,47,4,1,63,114,222,175,60,1.5965079365079367,1.9665193748314416,0.15549367087776786,3.066561514195583,1.063072629117008,0.32140048452452097,2012,spring
25,SOCIOL,202,361,146,31,15,9,59,175,235,276,2.0754966887417217,2.1858535719059815,0.5164533774201095,3.952785145888595,0.8801502688456031,0.5230485408820849,2012,spring
26,SOCWORLD,176,443,145,23,2,8,31,149,319,281,2.0069708491761724,2.0598766571854155,0.25546414015842517,4.071573604060914,0.8473034008366731,0.27723079668969614,2012,spring
27,SPANSH,175,351,96,20,4,8,25,104,257,251,1.9791021671826625,2.024551507745536,0.37645050587018253,4.111782945736434,0.8326433421489258,0.32552985933943945,2012,spring
28,STAT,315,580,194,31,20,17,68,228,469,360,1.9580701754385963,2.0930582470001067,0.47726905353413884,3.971453590192644,0.8625044530372094,0.3408927537546332,2012,spring
29,US-WORLD,68,183,84,6,3,5,13,68,126,133,2.1008720930232556,2.1352801080530797,0.2771833956112739,4.063478260869566,0.8565805598636477,0.35785117984815223,2012,spring
0,AESTHINT,264,275,67,13,2,30,57,142,221,171,1.7138486312399355,2.1877778877242866,0.20974987700574124,3.7196457326892105,1.0170602923998482,0.4112749159130006,2011,fall
1,AFRAMER,171,150,53,12,3,6,25,100,144,114,1.7776349614395888,1.9624542102671174,0.5551243501457502,3.861439588688946,0.8557171571403401,0.4456057770734917,2011,fall
2,ANTHRO,113,205,57,17,7,7,29,103,126,132,2.015789473684211,2.022373248793073,0.5350158134026984,3.8672544080604543,0.8194978696405744,0.5807020577378056,2011,fall
3,APMTH,36,159,127,24,7,7,30,103,140,75,2.4286118980169973,2.261447733589579,0.3945845156977258,3.6887323943661974,0.8693877035143716,0.4018090415259636,2011,fall
4,CHEM,58,138,189,64,32,9,32,107,182,152,2.7492723492723496,2.4090595487376874,0.6777151372979324,3.9105809128630704,0.8841494981632636,0.3829781673256705,2011,fall
5,COMPSCI,20,152,315,261,264,6,38,168,358,445,3.6107707509881424,2.683013049596606,0.6317149933477789,4.196945812807882,0.8311499604779272,0.2938122654179937,2011,fall
6,CULTBLF,462,633,142,13,4,8,46,239,518,442,1.7748006379585326,1.9960373617090716,0.24200732217607349,4.058739026336791,0.8214437289844996,0.26590928440956174,2011,fall
7,ECON,271,1054,625,133,44,82,283,693,679,394,2.344475787494123,2.2458870950148215,0.41266537082241567,3.489488503050211,0.897478374846055,0.5431647458116158,2011,fall
8,ENG-SCI,101,165,124,54,39,17,37,123,176,131,2.5093167701863353,2.278318080659373,0.8991001649960845,3.760950413223141,0.9085361820362041,0.5121901659893451,2011,fall
9,ENGLISH,122,458,284,62,13,8,29,98,302,502,2.360170394036209,2.1887579505151598,0.4094079633373546,4.34877529286475,0.777285622824054,0.3131245054231299,2011,fall
10,ETHRSON,51,115,51,12,3,4,26,58,90,52,2.145689655172414,2.4354613571989314,0.3108365357578644,3.7065217391304346,0.9944960490118917,0.10384389185328272,2011,fall
11,EXPOS,125,505,172,29,5,7,37,130,313,346,2.1454545454545455,1.96956019707806,0.3121784992564336,4.1462184873949575,0.7941216228007691,0.42571962694085186,2011,fall
12,FRSEMR,539,292,37,6,1,4,35,139,273,424,1.4397714285714285,1.4349205139485997,0.36538192039987705,4.230285714285714,0.7320190331163074,0.4712141503713615,2011,fall
13,GOV,163,633,381,87,26,10,46,171,480,584,2.3633333333333333,2.184764161684414,0.4532703444611821,4.234779240898527,0.754186584381908,0.4078133221454773,2011,fall
14,HIST,113,359,210,61,24,8,31,114,299,321,2.3750977835723597,2.153914714256002,0.6016214159399937,4.166494178525226,0.8013743434467074,0.3700323387563437,2011,fall
15,HISTSCI,101,138,61,27,7,8,26,71,120,108,2.10748502994012,2.0566636106302005,0.7025430441032161,3.877777777777777,0.8585377280232143,0.5243487468040156,2011,fall
16,LIFESCI,64,332,213,48,12,16,71,203,256,124,2.414050822122571,2.414240108457045,0.1789686541854146,3.6355223880597016,0.9109565911050137,0.3699023008651636,2011,fall
17,MATH,41,373,565,205,77,28,103,328,466,333,2.9215701823949245,2.3829122433952192,0.4392457046882984,3.78147853736089,0.925172102743373,0.3483990753088763,2011,fall
18,MCB,172,323,131,31,11,21,75,174,251,149,2.089820359281437,2.3309887508472174,0.4027799700284988,3.635970149253731,0.9774920589076666,0.3596912428093143,2011,fall
19,MUSIC,142,176,71,16,8,7,12,51,121,224,1.9440677966101698,2.1334387519670956,0.5815524978471746,4.3187951807228915,0.7631894477689359,0.4476804949056227,2011,fall
20,PHYSCI,1,65,116,32,5,7,41,86,65,19,2.8365296803652966,2.1846290586498553,0.11522783777598188,3.2550458715596333,0.939058125037825,0.17319779144094236,2011,fall
21,PHYSICS,11,108,237,120,59,21,50,135,188,141,3.195140186915888,2.3634525926223464,0.5458207649498434,3.6938317757009345,0.8772517820425162,0.6058432678164618,2011,fall
22,PSY,168,258,120,20,12,5,33,92,192,251,2.038927335640139,2.2323073345790005,0.5171691225259734,4.134729493891797,0.7772747547047562,0.5157195333930348,2011,fall
23,SCILIVSY,194,305,77,6,8,15,38,105,210,221,1.86864406779661,2.2703584096697784,0.18351518319967142,3.9782682512733443,0.9940659351127032,0.19623724258080963,2011,fall
24,SCIPHUNV,114,194,53,3,3,13,55,109,119,71,1.8795640326975478,2.1612454232164957,0.16635809055223078,3.479019073569482,1.046468722968424,0.2526612947830169,2011,fall
25,SOCIOL,87,252,115,17,6,5,29,95,158,190,2.171278825995807,2.116412230655966,0.40757121772534255,4.066876310272537,0.7902935527215494,0.5424856328509524,2011,fall
26,SOCWORLD,128,318,151,25,3,11,41,135,213,224,2.13872,2.213078141520359,0.3132359519595412,3.949519230769231,0.9515500843786711,0.31317198459930895,2011,fall
27,SPANSH,231,390,92,19,1,3,12,87,287,340,1.8669849931787177,2.0546633482620633,0.27207714186496673,4.299451303155007,0.7594729838780517,0.13877664857976493,2011,fall
28,STAT,168,360,260,133,58,4,43,169,381,380,2.552808988764045,2.3358727684694287,0.7638805927903759,4.119651995905834,0.8312681500974074,0.256786458441849,2011,fall
29,US-WORLD,124,243,87,9,2,21,47,97,137,163,1.9733333333333334,2.0863308177564877,0.3112559826547133,3.821075268817204,0.9486077558099243,0.6421962691405535,2011,fall
